chrom1	pos1	chrom2:pos2	SVType	Size	Orientation	DellyChrom1	DellyStart	DellyEnd	DellyChromo2	DellyOrientation	DellyFilter	LumpyChrom1	LumpyStart	LumpyEnd	LumpyChromo2	LumpyOrientation	SvabaChrom1	SvabaStart	SvabaEnd	SvabaChromo2	SvabaOrientation	SvabaFilter
chrY	6532983	chrY:6533718	Dels	736	3to5	NA	NA	NA	NA	NA	NA	NA	NA	NA	NA	NA	chrY	6532983	6533718	chrY	3to5	LOCALMATCH
chrY	6533800	chrY:6534465	Dels	666	3to5	NA	NA	NA	NA	NA	NA	NA	NA	NA	NA	NA	chrY	6533800	6534465	chrY	3to5	LOCALMATCH
chrY	10081662	chrY:10081840	Dels	179	3to5	NA	NA	NA	NA	NA	NA	NA	NA	NA	NA	NA	chrY	10081662	10081840	chrY	3to5	LOCALMATCH
chrY	10106274	chrY:10106352	Dels	79	3to5	chrY	10106274	10106352	chrY	3to5	PASS	NA	NA	NA	NA	NA	NA	NA	NA	NA	NA	
chrY	10238082	chrY:10245744	Dels	7663	3to5	NA	NA	NA	NA	NA	NA	NA	NA	NA	NA	NA	chrY	10238082	10245744	chrY	3to5	LOCALMATCH
chrY	10243648	chrY:10244363	Dels	716	3to5	NA	NA	NA	NA	NA	NA	NA	NA	NA	NA	NA	chrY	10243648	10244363	chrY	3to5	LOCALMATCH
chrY	10626640	chrY:11010226	Dels	383587	3to5	NA	NA	NA	NA	NA	NA	NA	NA	NA	NA	NA	chrY	10626640	11010226	chrY	3to5	LOCALMATCH
chrY	10626662	chrY:10813147	Dels	186486	3to5	NA	NA	NA	NA	NA	NA	NA	NA	NA	NA	NA	chrY	10626662	10813147	chrY	3to5	TOOSHORT
chrY	10626854	chrY:11022895	Dels	396042	3to5	NA	NA	NA	NA	NA	NA	NA	NA	NA	NA	NA	chrY	10626854	11022895	chrY	3to5	DUPREADS
chrY	10626876	chrY:10980219	Dels	353344	3to5	NA	NA	NA	NA	NA	NA	NA	NA	NA	NA	NA	chrY	10626876	10980219	chrY	3to5	NODISC
chrY	10626902	chrY:10627044	Dels	143	3to5	NA	NA	NA	NA	NA	NA	NA	NA	NA	NA	NA	chrY	10626902	10627044	chrY	3to5	LOCALMATCH
chrY	10627535	chrY:10764500	Dels	136966	3to5	chrY	10627535	10764500	chrY	3to5	LowQual	NA	NA	NA	NA	NA	NA	NA	NA	NA	NA	
chrY	10627536	chrY:10805327	Dels	177792	3to5	NA	NA	NA	NA	NA	NA	NA	NA	NA	NA	NA	chrY	10627536	10805327	chrY	3to5	LOWMAPQ
chrY	10627543	chrY:10753213	Dels	125671	3to5	NA	NA	NA	NA	NA	NA	NA	NA	NA	NA	NA	chrY	10627543	10753213	chrY	3to5	LOCALMATCH
chrY	10627547	chrY:10776470	Dels	148924	3to5	NA	NA	NA	NA	NA	NA	NA	NA	NA	NA	NA	chrY	10627547	10776470	chrY	3to5	NODISC
chrY	10627547	chrY:11292253	Dels	664707	3to5	chrY	10627547	11292253	chrY	3to5	LowQual	NA	NA	NA	NA	NA	NA	NA	NA	NA	NA	
chrY	10627738	chrY:11016669	Dels	388932	3to5	NA	NA	NA	NA	NA	NA	NA	NA	NA	NA	NA	chrY	10627738	11016669	chrY	3to5	DUPREADS
chrY	10628281	chrY:10784107	Dels	155827	3to5	NA	NA	NA	NA	NA	NA	NA	NA	NA	NA	NA	chrY	10628281	10784107	chrY	3to5	NODISC
chrY	10628286	chrY:10836461	Dels	208176	3to5	NA	NA	NA	NA	NA	NA	NA	NA	NA	NA	NA	chrY	10628286	10836461	chrY	3to5	LOWMAPQ
chrY	10628298	chrY:10980221	Dels	351924	3to5	NA	NA	NA	NA	NA	NA	NA	NA	NA	NA	NA	chrY	10628298	10980221	chrY	3to5	TOOSHORT
chrY	10628767	chrY:11293427	Dels	664661	3to5	NA	NA	NA	NA	NA	NA	NA	NA	NA	NA	NA	chrY	10628767	11293427	chrY	3to5	LOCALMATCH
chrY	10628892	chrY:10961419	Dels	332528	3to5	NA	NA	NA	NA	NA	NA	NA	NA	NA	NA	NA	chrY	10628892	10961419	chrY	3to5	NODISC
chrY	10628894	chrY:10647299	Dels	18406	3to5	NA	NA	NA	NA	NA	NA	NA	NA	NA	NA	NA	chrY	10628894	10647299	chrY	3to5	NODISC
chrY	10629311	chrY:10691330	Dels	62020	3to5	NA	NA	NA	NA	NA	NA	NA	NA	NA	NA	NA	chrY	10629311	10691330	chrY	3to5	NODISC
chrY	10629992	chrY:10991471	Dels	361480	3to5	NA	NA	NA	NA	NA	NA	NA	NA	NA	NA	NA	chrY	10629992	10991471	chrY	3to5	NODISC
chrY	10629994	chrY:10884595	Dels	254602	3to5	NA	NA	NA	NA	NA	NA	NA	NA	NA	NA	NA	chrY	10629994	10884595	chrY	3to5	DUPREADS
chrY	10630566	chrY:56829855	Dels	46199290	3to5	NA	NA	NA	NA	NA	NA	NA	NA	NA	NA	NA	chrY	10630566	56829855	chrY	3to5	LOCALMATCH
chrY	10630706	chrY:10926879	Dels	296174	3to5	NA	NA	NA	NA	NA	NA	NA	NA	NA	NA	NA	chrY	10630706	10926879	chrY	3to5	NODISC
chrY	10630730	chrY:10987995	Dels	357266	3to5	NA	NA	NA	NA	NA	NA	NA	NA	NA	NA	NA	chrY	10630730	10987995	chrY	3to5	DUPREADS
chrY	10630756	chrY:11291728	Dels	660973	3to5	NA	NA	NA	NA	NA	NA	NA	NA	NA	NA	NA	chrY	10630756	11291728	chrY	3to5	LOCALMATCH
chrY	10630860	chrY:10994138	Dels	363279	3to5	NA	NA	NA	NA	NA	NA	NA	NA	NA	NA	NA	chrY	10630860	10994138	chrY	3to5	LOCALMATCH
chrY	10630864	chrY:10787305	Dels	156442	3to5	NA	NA	NA	NA	NA	NA	NA	NA	NA	NA	NA	chrY	10630864	10787305	chrY	3to5	NODISC
chrY	10631221	chrY:10792711	Dels	161491	3to5	NA	NA	NA	NA	NA	NA	NA	NA	NA	NA	NA	chrY	10631221	10792711	chrY	3to5	NODISC
chrY	10631262	chrY:10927217	Dels	295956	3to5	NA	NA	NA	NA	NA	NA	NA	NA	NA	NA	NA	chrY	10631262	10927217	chrY	3to5	TOOSHORT
chrY	10631428	chrY:10950389	Dels	318962	3to5	NA	NA	NA	NA	NA	NA	NA	NA	NA	NA	NA	chrY	10631428	10950389	chrY	3to5	DUPREADS
chrY	10631435	chrY:10952523	Dels	321089	3to5	NA	NA	NA	NA	NA	NA	NA	NA	NA	NA	NA	chrY	10631435	10952523	chrY	3to5	LOWMAPQ
chrY	10631444	chrY:10790247	Dels	158804	3to5	NA	NA	NA	NA	NA	NA	NA	NA	NA	NA	NA	chrY	10631444	10790247	chrY	3to5	NODISC
chrY	10631455	chrY:10631520	Dels	66	3to5	NA	NA	NA	NA	NA	NA	NA	NA	NA	NA	NA	chrY	10631455	10631520	chrY	3to5	LOCALMATCH
chrY	10631697	chrY:10823722	Dels	192026	3to5	NA	NA	NA	NA	NA	NA	NA	NA	NA	NA	NA	chrY	10631697	10823722	chrY	3to5	TOOSHORT
chrY	10631710	chrY:10945172	Dels	313463	3to5	NA	NA	NA	NA	NA	NA	NA	NA	NA	NA	NA	chrY	10631710	10945172	chrY	3to5	TOOSHORT
chrY	10631740	chrY:10692188	Dels	60449	3to5	chrY	10631740	10692188	chrY	3to5	LowQual	NA	NA	NA	NA	NA	NA	NA	NA	NA	NA	
chrY	10632504	chrY:10769010	Dels	136507	3to5	NA	NA	NA	NA	NA	NA	NA	NA	NA	NA	NA	chrY	10632504	10769010	chrY	3to5	DUPREADS
chrY	10633227	chrY:10959295	Dels	326069	3to5	NA	NA	NA	NA	NA	NA	NA	NA	NA	NA	NA	chrY	10633227	10959295	chrY	3to5	DUPREADS
chrY	10633316	chrY:10836461	Dels	203146	3to5	NA	NA	NA	NA	NA	NA	NA	NA	NA	NA	NA	chrY	10633316	10836461	chrY	3to5	LOCALMATCH
chrY	10633331	chrY:10807492	Dels	174162	3to5	NA	NA	NA	NA	NA	NA	NA	NA	NA	NA	NA	chrY	10633331	10807492	chrY	3to5	NODISC
chrY	10645879	chrY:11006551	Dels	360673	3to5	NA	NA	NA	NA	NA	NA	NA	NA	NA	NA	NA	chrY	10645879	11006551	chrY	3to5	LOWMAPQ
chrY	10645909	chrY:11003350	Dels	357442	3to5	NA	NA	NA	NA	NA	NA	NA	NA	NA	NA	NA	chrY	10645909	11003350	chrY	3to5	NODISC
chrY	10646345	chrY:56835068	Dels	46188724	3to5	NA	NA	NA	NA	NA	NA	NA	NA	NA	NA	NA	chrY	10646345	56835068	chrY	3to5	LOCALMATCH
chrY	10646460	chrY:10927375	Dels	280916	3to5	NA	NA	NA	NA	NA	NA	NA	NA	NA	NA	NA	chrY	10646460	10927375	chrY	3to5	NODISC
chrY	10646472	chrY:10980221	Dels	333750	3to5	NA	NA	NA	NA	NA	NA	NA	NA	NA	NA	NA	chrY	10646472	10980221	chrY	3to5	TOOSHORT
chrY	10646825	chrY:56836867	Dels	46190043	3to5	NA	NA	NA	NA	NA	NA	NA	NA	NA	NA	NA	chrY	10646825	56836867	chrY	3to5	LOCALMATCH
chrY	10647525	chrY:11293198	Dels	645674	3to5	NA	NA	NA	NA	NA	NA	NA	NA	NA	NA	NA	chrY	10647525	11293198	chrY	3to5	DUPREADS
chrY	10647752	chrY:10839565	Dels	191814	3to5	NA	NA	NA	NA	NA	NA	NA	NA	NA	NA	NA	chrY	10647752	10839565	chrY	3to5	LOWMAPQ
chrY	10647900	chrY:10930546	Dels	282647	3to5	NA	NA	NA	NA	NA	NA	NA	NA	NA	NA	NA	chrY	10647900	10930546	chrY	3to5	TOOSHORT
chrY	10648119	chrY:10869934	Dels	221816	3to5	NA	NA	NA	NA	NA	NA	NA	NA	NA	NA	NA	chrY	10648119	10869934	chrY	3to5	LOCALMATCH
chrY	10648128	chrY:56831489	Dels	46183362	3to5	chrY	10648128	56831489	chrY	3to5	LowQual	NA	NA	NA	NA	NA	NA	NA	NA	NA	NA	
chrY	10648424	chrY:10884595	Dels	236172	3to5	NA	NA	NA	NA	NA	NA	NA	NA	NA	NA	NA	chrY	10648424	10884595	chrY	3to5	DUPREADS
chrY	10648475	chrY:10958529	Dels	310055	3to5	NA	NA	NA	NA	NA	NA	NA	NA	NA	NA	NA	chrY	10648475	10958529	chrY	3to5	NODISC
chrY	10648998	chrY:56829855	Dels	46180858	3to5	NA	NA	NA	NA	NA	NA	NA	NA	NA	NA	NA	chrY	10648998	56829855	chrY	3to5	LOCALMATCH
chrY	10649162	chrY:10987995	Dels	338834	3to5	NA	NA	NA	NA	NA	NA	NA	NA	NA	NA	NA	chrY	10649162	10987995	chrY	3to5	TOOSHORT
chrY	10649292	chrY:10994138	Dels	344847	3to5	NA	NA	NA	NA	NA	NA	NA	NA	NA	NA	NA	chrY	10649292	10994138	chrY	3to5	LOCALMATCH
chrY	10649653	chrY:10792711	Dels	143059	3to5	NA	NA	NA	NA	NA	NA	NA	NA	NA	NA	NA	chrY	10649653	10792711	chrY	3to5	NODISC
chrY	10649748	chrY:10961171	Dels	311424	3to5	NA	NA	NA	NA	NA	NA	NA	NA	NA	NA	NA	chrY	10649748	10961171	chrY	3to5	LOCALMATCH
chrY	10649858	chrY:10677499	Dels	27642	3to5	NA	NA	NA	NA	NA	NA	NA	NA	NA	NA	NA	chrY	10649858	10677499	chrY	3to5	LOWMAPQ
chrY	10649860	chrY:11290837	Dels	640978	3to5	NA	NA	NA	NA	NA	NA	NA	NA	NA	NA	NA	chrY	10649860	11290837	chrY	3to5	LOWMAPQ
chrY	10649867	chrY:10952523	Dels	302657	3to5	NA	NA	NA	NA	NA	NA	NA	NA	NA	NA	NA	chrY	10649867	10952523	chrY	3to5	TOOSHORT
chrY	10649876	chrY:10790247	Dels	140372	3to5	NA	NA	NA	NA	NA	NA	NA	NA	NA	NA	NA	chrY	10649876	10790247	chrY	3to5	TOOSHORT
chrY	10651714	chrY:10682494	Dels	30781	3to5	chrY	10651714	10682494	chrY	3to5	LowQual	NA	NA	NA	NA	NA	NA	NA	NA	NA	NA	
chrY	10652092	chrY:10836461	Dels	184370	3to5	NA	NA	NA	NA	NA	NA	NA	NA	NA	NA	NA	chrY	10652092	10836461	chrY	3to5	LOCALMATCH
chrY	10652107	chrY:10807492	Dels	155386	3to5	NA	NA	NA	NA	NA	NA	NA	NA	NA	NA	NA	chrY	10652107	10807492	chrY	3to5	NODISC
chrY	10652448	chrY:10974805	Dels	322358	3to5	NA	NA	NA	NA	NA	NA	NA	NA	NA	NA	NA	chrY	10652448	10974805	chrY	3to5	LOWMAPQ
chrY	10652942	chrY:11291426	Dels	638485	3to5	NA	NA	NA	NA	NA	NA	NA	NA	NA	NA	NA	chrY	10652942	11291426	chrY	3to5	LOWMAPQ
chrY	10653539	chrY:10780588	Dels	127050	3to5	NA	NA	NA	NA	NA	NA	NA	NA	NA	NA	NA	chrY	10653539	10780588	chrY	3to5	LOCALMATCH
chrY	10653546	chrY:11020124	Dels	366579	3to5	NA	NA	NA	NA	NA	NA	NA	NA	NA	NA	NA	chrY	10653546	11020124	chrY	3to5	LOCALMATCH
chrY	10653553	chrY:10992948	Dels	339396	3to5	NA	NA	NA	NA	NA	NA	NA	NA	NA	NA	NA	chrY	10653553	10992948	chrY	3to5	TOOSHORT
chrY	10653702	chrY:10841053	Dels	187352	3to5	NA	NA	NA	NA	NA	NA	NA	NA	NA	NA	NA	chrY	10653702	10841053	chrY	3to5	LOWMAPQ
chrY	10653787	chrY:10800308	Dels	146522	3to5	NA	NA	NA	NA	NA	NA	NA	NA	NA	NA	NA	chrY	10653787	10800308	chrY	3to5	NODISC
chrY	10654107	chrY:11003479	Dels	349373	3to5	NA	NA	NA	NA	NA	NA	NA	NA	NA	NA	NA	chrY	10654107	11003479	chrY	3to5	NODISC
chrY	10654233	chrY:10958279	Dels	304047	3to5	chrY	10654233	10958279	chrY	3to5	LowQual	NA	NA	NA	NA	NA	NA	NA	NA	NA	NA	
chrY	10654381	chrY:56833249	Dels	46178869	3to5	NA	NA	NA	NA	NA	NA	NA	NA	NA	NA	NA	chrY	10654381	56833249	chrY	3to5	LOCALMATCH
chrY	10654382	chrY:10787098	Dels	132717	3to5	NA	NA	NA	NA	NA	NA	NA	NA	NA	NA	NA	chrY	10654382	10787098	chrY	3to5	LOWMAPQ
chrY	10654618	chrY:10949938	Dels	295321	3to5	NA	NA	NA	NA	NA	NA	NA	NA	NA	NA	NA	chrY	10654618	10949938	chrY	3to5	NODISC
chrY	10654620	chrY:10820864	Dels	166245	3to5	NA	NA	NA	NA	NA	NA	NA	NA	NA	NA	NA	chrY	10654620	10820864	chrY	3to5	LOCALMATCH
chrY	10655128	chrY:10754783	Dels	99656	3to5	NA	NA	NA	NA	NA	NA	NA	NA	NA	NA	NA	chrY	10655128	10754783	chrY	3to5	LOCALMATCH
chrY	10655448	chrY:10795558	Dels	140111	3to5	NA	NA	NA	NA	NA	NA	NA	NA	NA	NA	NA	chrY	10655448	10795558	chrY	3to5	LOCALMATCH
chrY	10656271	chrY:10790989	Dels	134719	3to5	NA	NA	NA	NA	NA	NA	NA	NA	NA	NA	NA	chrY	10656271	10790989	chrY	3to5	LOWMAPQ
chrY	10657129	chrY:10783451	Dels	126323	3to5	NA	NA	NA	NA	NA	NA	NA	NA	NA	NA	NA	chrY	10657129	10783451	chrY	3to5	TOOSHORT
chrY	10657279	chrY:11295180	Dels	637902	3to5	NA	NA	NA	NA	NA	NA	NA	NA	NA	NA	NA	chrY	10657279	11295180	chrY	3to5	LOWMAPQ
chrY	10657369	chrY:56829951	Dels	46172583	3to5	NA	NA	NA	NA	NA	NA	NA	NA	NA	NA	NA	chrY	10657369	56829951	chrY	3to5	LOWMAPQ
chrY	10657371	chrY:11025437	Dels	368067	3to5	NA	NA	NA	NA	NA	NA	NA	NA	NA	NA	NA	chrY	10657371	11025437	chrY	3to5	LOWMAPQ
chrY	10657382	chrY:11292605	Dels	635224	3to5	chrY	10657382	11292605	chrY	3to5	PASS	NA	NA	NA	NA	NA	NA	NA	NA	NA	NA	
chrY	10657386	chrY:10924290	Dels	266905	3to5	NA	NA	NA	NA	NA	NA	NA	NA	NA	NA	NA	chrY	10657386	10924290	chrY	3to5	NODISC
chrY	10657395	chrY:10836461	Dels	179067	3to5	NA	NA	NA	NA	NA	NA	NA	NA	NA	NA	NA	chrY	10657395	10836461	chrY	3to5	LOCALMATCH
chrY	10657399	chrY:10759189	Dels	101791	3to5	NA	NA	NA	NA	NA	NA	NA	NA	NA	NA	NA	chrY	10657399	10759189	chrY	3to5	LOWMAPQ
chrY	10657401	chrY:10790202	Dels	132802	3to5	chrY	10657401	10790202	chrY	3to5	LowQual	NA	NA	NA	NA	NA	NA	NA	NA	NA	NA	
chrY	10657412	chrY:56833109	Dels	46175698	3to5	chrY	10657412	56833109	chrY	3to5	LowQual	NA	NA	NA	NA	NA	NA	NA	NA	NA	NA	
chrY	10657414	chrY:10971070	Dels	313657	3to5	chrY	10657414	10971070	chrY	3to5	LowQual	NA	NA	NA	NA	NA	NA	NA	NA	NA	NA	
chrY	10657414	chrY:11030166	Dels	372753	3to5	NA	NA	NA	NA	NA	NA	NA	NA	NA	NA	NA	chrY	10657414	11030166	chrY	3to5	LOCALMATCH
chrY	10657415	chrY:11014327	Dels	356913	3to5	chrY	10657415	11014327	chrY	3to5	LowQual	NA	NA	NA	NA	NA	NA	NA	NA	NA	NA	
chrY	10657422	chrY:10821880	Dels	164459	3to5	chrY	10657422	10821880	chrY	3to5	LowQual	NA	NA	NA	NA	NA	NA	NA	NA	NA	NA	
