chrom1	pos1	chrom2:pos2	SVType	Size	Orientation	DellyChrom1	DellyStart	DellyEnd	DellyChromo2	DellyOrientation	DellyFilter	LumpyChrom1	LumpyStart	LumpyEnd	LumpyChromo2	LumpyOrientation	SvabaChrom1	SvabaStart	SvabaEnd	SvabaChromo2	SvabaOrientation	SvabaFilter	Category	Linked_chrom1	Linked_pos1	Linked_chrom2_pos2	Linked_SVType	Linked_Orient	Linked_Filter	Linked_Source	Linked_Size	Linked_Qual	Linked_HapAllelicFrac	Linked_AllelicFrac	Linked_Pairs	Linked_Split	NAIBR_chrom1	NAIBR_Pos1	NAIBR_chrom2	NAIBR_Pos2	NAIBR_Split_molecules	NAIBR_Discordant_reads	NAIBR_Orientation	NAIBR_Haplotype	NAIBR_Score	NAIBR_Filter	NAIBR_Orient	NAIBR_SVType	GROCSV_Filter	GROCSV_Orient	GROCSV_SVType	GROCSV_SupportBarcode	GROCSV_chrom1	GROCSV_chrom2	GROCSV_pos1	GROCSV_pos2
chr1	9995	chr22:50807900	Trans	0	5to5												chr1;chr1	9995;10268	50807900;50808169	chr22;chr22	5to5;5to5	LOWMAPQDISC	Only cWGS																																	
chr1	9995	chr4:190122817	Trans	0	5to5												chr1;chr1	9995;10046	190122817;190122455	chr4;chr4	5to5;5to5	LOWMAPQDISC	Common																										ASSEMBLYGAP;NEARBYSNVS;NOLONGFRAGS	5to5	Trans	467	chr4	chr1	190122444	9995
chr1	9997	chr18:80262901	Trans	0	5to5												chr1	9997	80262901	chr18	5to5	LOWMAPQDISC	Only cWGS																																	
chr1	9997	chr1:180986	Dups	170990	5to3												chr1	9997	180986	chr1	5to3	LOWMAPQDISC	Only cWGS																																	
chr1	9999	chr10:133787136	Trans	0	5to5												chr1	9999	133787136	chr10	5to5	LOWMAPQDISC	Only cWGS																																	
chr1	10011	chr1:10327	Dups	317	5to3	chr1	10011	10327	chr1	5to3	LowQual												Only cWGS																																	
chr1	10016	chr1:248945933	Invs	248935918	5to5	chr1	10016	248945933	chr1	5to5	LowQual						chr1	10353	248945864	chr1	5to5	LOWMAPQDISC	Only cWGS																																	
chr1	10043	chr18:80258454	Trans	0	3to3												chr1	10043	80258454	chr18	3to3	LOWMAPQDISC	Only cWGS																																	
chr1	10055	chr8:145076021	Trans	0	3to3												chr1	10055	145076021	chr8	3to3	LOWMAPQDISC	Only cWGS																																	
chr1	10059	chr18:80263367	Trans	0	3to3												chr1;chr1	10059;10257	80263367;80263059	chr18;chr18	3to3;3to3	LOWMAPQDISC	Only cWGS																																	
chr1	10059	chr1:248946503	Invs	248936445	3to3												chr1	10059	248946503	chr1	3to3	LOWMAPQDISC	Only cWGS																																	
chr1	10060	chr22:50808573	Trans	0	3to3												chr1;chr1	10060;10384	50808573;50808186	chr22;chr22	3to3;3to3	LOWMAPQDISC	Only cWGS																																	
chr1	10070	chr3:10277	Trans	0	3to5												chr1	10070	10277	chr3	3to5	LOWMAPQDISC	Only cWGS																																	
chr1	10070	chrX:222344	Trans	0	3to5												chr1	10070	222344	chrX	3to5	LOWMAPQDISC	Only cWGS																																	
chr1	10091	chr11:135076724	Trans	0	3to3												chr1	10091	135076724	chr11	3to3	LOWMAPQDISC	Only cWGS																																	
chr1	10197	chr3:10836	Trans	0	3to5												chr1;chr1	10197;10449	10836;10836	chr3;chr3	3to5;3to5	LOCALMATCH	Only cWGS																																	
chr1	10286	chr3:64077212	Trans	0	5to5												chr1	10286	64077212	chr3	5to5	TOOSHORT	Only cWGS																																	
chr1	10316	chr2:242183632	Trans	0	3to3												chr1	10316	242183632	chr2	3to3	LOWMAPQDISC	Only cWGS																																	
chr1	10332	chr1:180783	Dels	170452	3to5	chr1	10485	181007	chr1	3to5	LowQual						chr1	10332	180783	chr1	3to5	LOCALMATCH	Only cWGS																																	
chr1	10332	chr5:11896	Trans	0	3to5												chr1	10332	11896	chr5	3to5	TOOSHORT	Only cWGS																																	
chr1	10346	chrX:156030249	Trans	0	3to3												chr1	10346	156030249	chrX	3to3	LOWMAPQDISC	Only cWGS																																	
chr1	10393	chr1:248945869	Invs	248935477	3to3												chr1	10393	248945869	chr1	3to3	LOWMAPQDISC	Only cWGS																																	
chr1	10419	chr17:83247287	Trans	0	3to3												chr1	10419	83247287	chr17	3to3	LOWMAPQDISC	Only cWGS																																	
chr1	10468	chr10:133787218	Trans	0	3to3												chr1	10468	133787218	chr10	3to3	LOCALMATCH	Only cWGS																																	
chr1	10472	chr4:190123124	Trans	0	3to3																		Only 10XWGS																										ASSEMBLYGAP;NEARBYSNVS;NOLONGFRAGS	3to3	Trans	466	chr1	chr4	10472	190123124
chr1	10531	chr12:10556	Trans	0	3to5												chr1	10531	10556	chr12	3to5	LOCALMATCH	Only cWGS																																	
chr1	10542	chr2:32916485	Trans	0	3to3												chr1	10542	32916485	chr2	3to3	LOWMAPQDISC	Only cWGS																																	
chr1	16734	chr15:101974299	Trans	0	5to5												chr1	16734	101974299	chr15	5to5	LOWMAPQDISC	Only cWGS																																	
chr1	16735	chr1:187219	Dups	170485	5to3	chr1	16735	187219	chr1	5to3	LowQual												Only cWGS																																	
chr1	20320	chr1:194179	Invs	173860	5to5												chr1	20320	194179	chr1	5to5	DUPREADS	Only cWGS																																	
chr1	20320	chr2:113589787	Trans	0	5to3												chr1	20320	113589787	chr2	5to3	LOWMAPQ	Only cWGS																																	
chr1	21856	chr15:101968754	Trans	0	3to3												chr1	21856	101968754	chr15	3to3	NODISC	Only cWGS																																	
chr1	21856	chr19:63815	Trans	0	3to5												chr1	21856	63815	chr19	3to5	NODISC	Only cWGS																																	
chr1	21856	chr1:22207	Dels	352	3to5												chr1	21856	22207	chr1	3to5	LOWMAPQ	Only cWGS																																	
chr1	21856	chr9:22320	Trans	0	3to5												chr1	21856	22320	chr9	3to5	NODISC	Only cWGS																																	
chr1	22207	chr12:23918	Trans	0	5to3												chr1	22207	23918	chr12	5to3	NODISC	Only cWGS																																	
chr1	22207	chr15:101969105	Trans	0	5to5												chr1	22207	101969105	chr15	5to5	NODISC	Only cWGS																																	
chr1	22207	chr19:63464	Trans	0	5to3												chr1	22207	63464	chr19	5to3	NODISC	Only cWGS																																	
chr1	22207	chr1:192380	Dups	170174	5to3												chr1	22207	192380	chr1	5to3	NODISC	Only cWGS																																	
chr1	22207	chr2:113591589	Trans	0	5to5												chr1	22207	113591589	chr2	5to5	NODISC	Only cWGS																																	
chr1	22207	chr9:21969	Trans	0	5to3												chr1	22207	21969	chr9	5to3	NODISC	Only cWGS																																	
chr1	25577	chr12:27595	Trans	0	5to3												chr1	25577	27595	chr12	5to3	NODISC	Only cWGS																																	
chr1	25577	chr1:196057	Dups	170481	5to3												chr1	25577	196057	chr1	5to3	TOOSHORT	Only cWGS																																	
chr1	29249	chr12:31830	Trans	0	3to5												chr1	29249	31830	chr12	3to5	TOOSHORT	Only cWGS																																	
chr1	34044	chr12:31020090	Trans	0	5to5												chr1	34044	31020090	chr12	5to5	LOWMAPQDISC	Only cWGS																																	
chr1	34045	chr10:73079179	Trans	0	5to5												chr1	34045	73079179	chr10	5to5	LOWMAPQ	Only cWGS																																	
chr1	34045	chr12:37416	Trans	0	5to5												chr1	34045	37416	chr12	5to5	LOWMAPQDISC	Only cWGS																																	
chr1	34045	chr1:35362	Invs	1318	5to5												chr1	34045	35362	chr1	5to5	LOWMAPQ	Only cWGS																																	
chr1	34045	chr2:113578101	Trans	0	5to3												chr1	34045	113578101	chr2	5to3	LOWMAPQ	Only cWGS																																	
chr1	35362	chr12:36093	Trans	0	5to5												chr1	35362	36093	chr12	5to5	LOWMAPQ	Only cWGS																																	
chr1	35362	chr15:101956921	Trans	0	5to3												chr1	35362	101956921	chr15	5to3	LOWMAPQ	Only cWGS																																	
chr1	35362	chr19:75654	Trans	0	5to5												chr1	35362	75654	chr19	5to5	LOWMAPQ	Only cWGS																																	
chr1	35362	chr1:204561	Invs	169200	5to5												chr1	35362	204561	chr1	5to5	LOWMAPQDISC	Only cWGS																																	
chr1	35362	chr2:113579420	Trans	0	5to3												chr1	35362	113579420	chr2	5to3	NODISC	Only cWGS																																	
chr1	35362	chr9:33828	Trans	0	5to5												chr1	35362	33828	chr9	5to5	LOWMAPQ	Only cWGS																																	
chr1	35478	chr12:37415	Trans	0	3to5												chr1	35478	37415	chr12	3to5	NODISC	Only cWGS																																	
chr1	39214	chr12:43337	Trans	0	3to5												chr1	39214	43337	chr12	3to5	LOWMAPQDISC	Only cWGS																																	
chr1	73972	chr2:32916252	Trans	0	5to3												chr1	73972	32916252	chr2	5to3	LOWMAPQDISC	Only cWGS																																	
chr1	74032	chr2:32916463	Trans	0	3to3												chr1	74032	32916463	chr2	3to3	LOWMAPQDISC	Only cWGS																																	
chr1	74646	chr5:101913995	Trans	0	3to3												chr1	74646	101913995	chr5	3to3	TOOSHORT	Only cWGS																																	
chr1	75329	chr14:66664157	Trans	0	5to3												chr1	75329	66664157	chr14	5to3	TOOSHORT	Only cWGS																																	
chr1	76660	chr16:34197456	Trans	0	3to3												chr1	76660	34197456	chr16	3to3	LOCALMATCH	Only cWGS																																	
chr1	119602	chrX:149685245	Trans	0	3to3												chr1	119602	149685245	chrX	3to3	NODISC	Only cWGS																																	
chr1	121002	chr1:712056	Dups	591055	5to3	chr1	121002	712056	chr1	5to3	LowQual												Only cWGS																																	
chr1	126244	chr1:765328	Dels	639085	3to5												chr1	126244	765328	chr1	3to5	TOOSHORT	Only cWGS																																	
chr1	133350	chr19:195871	Trans	0	3to5												chr1	133350	195871	chr19	3to5	NODISC	Only cWGS																																	
chr1	136449	chr1:136838	Dups	390	5to3												chr1	136449	136838	chr1	5to3	LOWMAPQDISC	Only cWGS																																	
chr1	137076	chr3:198220592	Trans	0	3to3												chr1	137076	198220592	chr3	3to3	LOWMAPQDISC	Only cWGS																																	
chr1	137092	chr16:90169857	Trans	0	3to3												chr1	137092	90169857	chr16	3to3	LOWMAPQDISC	Only cWGS																																	
chr1	144434	chr19:210135	Trans	0	3to5												chr1	144434	210135	chr19	3to5	NODISC	Only cWGS																																	
chr1	164872	chr9:138289228	Trans	0	5to5												chr1	164872	138289228	chr9	5to5	NODISC	Only cWGS																																	
chr1	174902	chr19:9988590	Trans	0	5to3												chr1	174902	9988590	chr19	5to3	LOWMAPQDISC	Only cWGS																																	
chr1	174957	chr19:9988865	Trans	0	3to5												chr1	174957	9988865	chr19	3to5	LOCALMATCH	Only cWGS																																	
chr1	180748	chr1:181079	Dups	332	5to3												chr1	180748	181079	chr1	5to3	PASS	Only cWGS																																	
chr1	180752	chr4:190122919	Trans	0	5to5												chr1	180752	190122919	chr4	5to5	LOWMAPQDISC	Only cWGS																																	
chr1	180810	chr2:32916251	Trans	0	5to3												chr1	180810	32916251	chr2	5to3	LOWMAPQDISC	Only cWGS																																	
chr1	180899	chr1:248946297	Invs	248765399	3to3												chr1	180899	248946297	chr1	3to3	LOWMAPQDISC	Only cWGS																																	
chr1	180913	chr18:80263224	Trans	0	3to3												chr1	180913	80263224	chr18	3to3	LOWMAPQDISC	Only cWGS																																	
chr1	180913	chr3:10277	Trans	0	3to5												chr1;chr1	180913;181020	10277;10502	chr3;chr3	3to5;3to5	LOWMAPQDISC	Only cWGS																																	
chr1	180914	chr12:133265275	Trans	0	3to3												chr1	180914	133265275	chr12	3to3	LOWMAPQDISC	Only cWGS																																	
chr1	180961	chr4:190204519	Trans	0	3to3												chr1	180961	190204519	chr4	3to3	TOOSHORT	Only cWGS																																	
chr1	181025	chrX:156030600	Trans	0	3to3												chr1	181025	156030600	chrX	3to3	LOWMAPQDISC	Only cWGS																																	
chr1	181106	chr2:32916485	Trans	0	3to3												chr1	181106	32916485	chr2	3to3	LOWMAPQDISC	Only cWGS																																	
chr1	181641	chr16:10795	Trans	0	3to5												chr1	181641	10795	chr16	3to5	DUPREADS	Only cWGS																																	
chr1	181967	chr11:189909	Trans	0	3to5												chr1	181967	189909	chr11	3to5	LOWMAPQ	Only cWGS																																	
chr1	187057	chr2:32916229	Trans	0	3to5												chr1	187057	32916229	chr2	3to5	LOWMAPQDISC	Only cWGS																																	
chr1	187122	chr2:113596807	Trans	0	3to3												chr1	187122	113596807	chr2	3to3	LOWMAPQDISC	Only cWGS																																	
chr1	190845	chr12:25717	Trans	0	5to5												chr1	190845	25717	chr12	5to5	DUPREADS	Only cWGS																																	
chr1	190845	chr1:194179	Invs	3335	5to5												chr1	190845	194179	chr1	5to5	DUPREADS	Only cWGS																																	
chr1	190845	chr2:113589787	Trans	0	5to3												chr1	190845	113589787	chr2	5to3	DUPREADS	Only cWGS																																	
chr1	192380	chr15:101968754	Trans	0	3to3												chr1	192380	101968754	chr15	3to3	NODISC	Only cWGS																																	
chr1	192380	chr19:63815	Trans	0	3to5												chr1	192380	63815	chr19	3to5	NODISC	Only cWGS																																	
chr1	192380	chr9:22320	Trans	0	3to5												chr1	192380	22320	chr9	3to5	NODISC	Only cWGS																																	
chr1	194179	chr15:101970641	Trans	0	5to3												chr1	194179	101970641	chr15	5to3	DUPREADS	Only cWGS																																	
chr1	194179	chr19:61928	Trans	0	5to5												chr1	194179	61928	chr19	5to5	DUPREADS	Only cWGS																																	
chr1	194179	chr2:113593109	Trans	0	5to3												chr1	194179	113593109	chr2	5to3	DUPREADS	Only cWGS																																	
chr1	194179	chr9:20433	Trans	0	5to5												chr1	194179	20433	chr9	5to5	DUPREADS	Only cWGS																																	
chr1	196057	chr9:25690	Trans	0	3to5												chr1	196057	25690	chr9	3to5	NODISC	Only cWGS																																	
chr1	199765	chr12:31830	Trans	0	3to5												chr1	199765	31830	chr12	3to5	TOOSHORT	Only cWGS																																	
chr1	202543	chr2:113581436	Trans	0	5to5												chr1	202543	113581436	chr2	5to5	TOOSHORT	Only cWGS																																	
