chrom1	pos1	chrom2:pos2	SVType	Size	Orientation	DellyChrom1	DellyStart	DellyEnd	DellyChromo2	DellyOrientation	DellyFilter	LumpyChrom1	LumpyStart	LumpyEnd	LumpyChromo2	LumpyOrientation	SvabaChrom1	SvabaStart	SvabaEnd	SvabaChromo2	SvabaOrientation	SvabaFilter	Category	Linked_chrom1	Linked_pos1	Linked_chrom2_pos2	Linked_SVType	Linked_Orient	Linked_Filter	Linked_Source	Linked_Size	Linked_Qual	Linked_HapAllelicFrac	Linked_AllelicFrac	Linked_Pairs	Linked_Split	NAIBR_chrom1	NAIBR_Pos1	NAIBR_chrom2	NAIBR_Pos2	NAIBR_Split_molecules	NAIBR_Discordant_reads	NAIBR_Orientation	NAIBR_Haplotype	NAIBR_Score	NAIBR_Filter	NAIBR_Orient	NAIBR_SVType	GROCSV_Filter	GROCSV_Orient	GROCSV_SVType	GROCSV_SupportBarcode	GROCSV_chrom1	GROCSV_chrom2	GROCSV_pos1	GROCSV_pos2	JR_SR	SP_SR	JR_LR	SP_LR	LocalCoverage_Pos1_SR	LocalCoverage_Pos1_LR	LocalCoverage_Pos2_SR	LocalCoverage_Pos2_LR	RepPos1	RepPos2	Mappable_Pos1	Mappable_Pos2	GEM	LR_Mol
chr10	4113530	chr5:5595135	Trans	0	3to3												chr10	4113530	5595135	chr5	3to3	NODISC	Only cWGS																																		0	0	0	0	26.5	30.74	27.355	21.6225			Unique	Unique	0	0
chr22	48624910	chr22:48625164	Dels	255	3to5																		Only 10XWGS	chr22	48624910	chr22:48625164	Dels	3to5	PASS	LOCAL_ASM	255	14	.	.	.	.																					0	0	2	0	15.665	5.105	12.2675	6.2575	AluSx1	L1MC3	Unique	Unique	0	0
chr16	46420931	chr9:43320577	Trans	0	5to5												chr16	46420931	43320577	chr9	5to5	LOCALMATCH	Only cWGS																																		0	0	0	0	11.7875	16.8475	45.895	11.675		(TTCGA)n	Unique	Unique	0	0
chr12	335888	chr18:31915938	Trans	0	5to3												chr12	335888	31915938	chr18	5to3	NODISC	Only cWGS																																		0	0	0	0	16.7325	13.435	17.41	11.625	AluSq2	AluSx1	Unique	Unique	0	0
chr14	100670763	chr14:100745719	Invs	74957	3to3																		Only 10XWGS	chr14	100670763	chr14:100745719	Invs	3to3	LOWQ	SV	74957	4	0.137931034	0.014732965	1	0																					3	0	0	0	30.795	22.485	34.6525	32.5425		AluSc8	Unique	Unique	0	0
chr3	58549044	chr3:58586887	Invs	37844	5to5																		Only 10XWGS	chr3	58549044	chr3:58586887	Invs	5to5	LOWQ	SV	37844	4	0.333333333	0.055555556	1	0																					0	0	0	0	10.4675	16.3775	14.345	11.485	L1PB4		Unique	Unique	0	0
chrY	11742438	chrY:11748734	Dels	6297	3to5												chrY	11742438	11748734	chrY	3to5	TOOSHORT	Only cWGS																																		0	0	0	0	43.115	2.1575	94.43	84.03	(GAATG)n	(GAATG)n	Unique	Unique	1	1
chr1	16799160	chr1:234783478	Invs	217984319	3to3																		Only 10XWGS																										ASSEMBLYGAP;NOLONGFRAGS	3to3	Invs	98	chr1	chr1	16799160	234783478	0	36	0	24	9.06	6.16	61.805	51.73	MER39B	MER39B	Unique	Unique	2	4
chr12	51498774	chr7:67292900	Trans	0	5to5												chr12	51498774	67292900	chr7	5to5	LOWMAPQ	Only cWGS																																		32	0	17	3	30.62	15.7875	23.26	24.0675	AluSx1	AluSg	Unique	Unique	0	0
chr12	95355503	chr20:1026583	Trans	0	5to5												chr12	95355503	1026583	chr20	5to5	LOWMAPQ	Only cWGS																																		0	0	1	0	16.4425	15.69	20.3775	17.2175	GA-rich	AluSx1	Unique	Unique	0	0
chr22	15410080	chr9:40909080	Trans	0	5to3												chr22	15410080	40909080	chr9	5to3	LOCALMATCH	Only cWGS																																		0	0	0	0	18.905	4.495	203.2925	30.19	CER	CER	Unique	Unique	0	0
chr2	198575366	chr2:198585738	Invs	10373	5to5												chr2	198575366	198585738	chr2	5to5	LOWMAPQDISC	Only cWGS																																		0	4	0	4	18.1625	17.2525	41.97	20.105	L1PA3	L1PA2	Unique	Not-unique	2	1
chr20	61102006	chr20:61102509	Dels	504	3to5																		Only 10XWGS	chr20	61102006	chr20:61102509	Dels	3to5	PASS	LOCAL_ASM	504	54	.	.	.	.																					32	18	31	27	39.8825	26.53	57.3625	47.5225			Unique	Unique	7	7
chr1	47326076	chr14:75157841	Trans	0	3to5												chr1	47326076	75157841	chr14	3to5	NODISC	Only cWGS																																		0	0	0	0	16.5525	17.1025	33.0975	32.705	AluSx	AluSq2	Unique	Unique	0	0
chr1	203924743	chr1:203925180	Dels	438	3to5	chr1	203924743	203925180	chr1	3to5	PASS												Only cWGS																																		51	9	125	3	48.0225	38.35	48.3425	34.0125	AluSx1	AluY	Unique	Unique	1	1
chr21	10379148	chr2:32916598	Trans	0	5to3	chr21	10379148	32916598	chr2	5to3	LowQual												Only cWGS																																		0	0	0	0	62.305	88.71	6494.92	7053.3925	(CT)n	(G)n	Unique	Unique	7	11
chr1	144103414	chr2:32916283	Trans	0	5to3							chr1	144103414	32916283	chr2	5to3	chr1	144103631	32916547	chr2	5to3	LOWMAPQDISC	Only cWGS																																		0	0	0	0	393.2025	424.7875	6200.3925	6380.1275	(TGGCTGGCT)n	(G)n	Unique	Unique	7	9
chr4	4793830	chr6:165749364	Trans	0	3to3												chr4	4793830	165749364	chr6	3to3	NODISC	Only cWGS																																		0	0	1	0	18.545	32.3925	21.42	605.92		(CTATCA)n	Unique	Unique	0	0
chr1	88342202	chr1:89752778	Invs	1410577	5to5	chr1	88342202	89752778	chr1	5to5	LowQual												Only cWGS																																		0	30	0	102	18.875	12.27	15.3875	10.38	L1PA2	L1PA2	Unique	Unique	0	0
chr5	173198770	chr5:173198913	Dels	144	3to5												chr5	173198770	173198913	chr5	3to5	LOCALMATCH	Only cWGS																																		0	0	0	0	17.4525	23.09	15.1775	29.2125	(TTCC)n	AluSx	Unique	Unique	1	1
chr12	33233572	chr8:108936225	Trans	0	5to3												chr12	33233572	108936225	chr8	5to3	LOWMAPQDISC	Only cWGS																																		0	0	0	2	30.8825	16.2625	34.1575	26.05	L1PA3	L1PA3	Unique	Unique	0	0
chr1	143213150	chr10:42075762	Trans	0	5to3												chr1	143213150	42075762	chr10	5to3	LOCALMATCH	Only cWGS																																		2	0	0	3	7813.475	8884.6975	1020	999.82			Not-unique	Not-unique	91	107
chr11	3442874	chr11:67825603	Dels	64382730	3to5	chr11	3442914	67825555	chr11	3to5	PASS						chr11	3442874	67825603	chr11	3to5	LOWMAPQDISC	Only cWGS																																		0	17	0	21	16.22	16.03	23.2475	19.52			Unique	Unique	2	2
chr16	34909562	chr9:43336799	Trans	0	5to3												chr16	34909562	43336799	chr9	5to3	LOCALMATCH	Only cWGS																																		0	0	0	0	30.81	30.3725	44.6375	16.0675		(TCGAT)n	Unique	Unique	1	0
chr21	9096964	chr21:9099198	Dups	2235	5to3	chr21	9096964	9099198	chr21	5to3	PASS						chr21	9096977	9099193	chr21	5to3	LOCALMATCH	Only cWGS																																		0	0	5	0	150.62	7.1975	413.29	11.4775	CER	CER	Unique	Unique	20	13
chr17	26870623	chr21:10712436	Trans	0	5to5												chr17	26870623	10712436	chr21	5to5	NODISC	Only cWGS																																		0	0	0	0	61.205	34.3575	413.2375	139.8125	(GAATG)n	(TTCCA)n	Unique	Unique	0	0
chrY	10961456	chrY:10997595	Dels	36140	3to5												chrY	10961456	10997595	chrY	3to5	NODISC	Only cWGS																																		0	0	0	0	99.3375	173.9225	40.0875	57.0025	(CATTC)n		Unique	Unique	5	5
chr16	34627895	chr16:34950584	Dels	322690	3to5												chr16	34627895	34950584	chr16	3to5	NODISC	Only cWGS																																		0	0	0	0	28.2525	16.1725	29.43	28.52			Unique	Unique	0	0
chr20	28637357	chr20:28646695	Invs	9339	5to5												chr20	28637357	28646695	chr20	5to5	LOWMAPQDISC	Only cWGS																																		0	3	0	5	34.97	20.5975	25.925	30.8925			Not-unique	Unique	1	0
chr9	5992489	chr9:6040297	Invs	47809	5to5																		Only 10XWGS	chr9	5992489	chr9:6040297	Invs	5to5	LOWQ	SV	47809	7	0.368421053	0.053061224	1	0																					0	0	0	0	18.1775	8.6325	23.405	21.4525		L1PB3	Unique	Unique	0	0
chr17	75172098	chr17:75172549	Dels	452	3to5																		Only 10XWGS	chr17	75172098	chr17:75172549	Dels	3to5	PASS	.	452	2	1	0.025974026	.	.																					0	2	1	1	21.4175	12.5225	18.98	14.65	AluSx	AluSp	Unique	Unique	0	0
chr16	72585730	chr16:72632175	Invs	46446	5to5																		Only 10XWGS	chr16	72585730	chr16:72632175	Invs	5to5	LOWQ	SV	46446	15	0.340909091	0.072864322	0	1																					0	0	3	0	53.58	33.4625	31.9925	21.6	L1PA4	L1PA2	Not-unique	Unique	3	3
chr1	173953993	chr16:7147032	Trans	0	5to5												chr1	173953993	7147032	chr16	5to5	LOWMAPQDISC	Only cWGS																																		5	1	0	0	29.7025	20.925	21.4625	16.075	AluSx	AluSx1	Unique	Unique	0	0
chr12	113873693	chr4:152970	Trans	0	3to3												chr12	113873693	152970	chr4	3to3	NODISC	Only cWGS																																		0	0	0	0	26.235	22.4475	19.5875	11.6475	SVA_F	L1MA6	Unique	Unique	0	0
chr10	41893910	chr10:41907626	Dups	13717	5to3	chr10	41893910	41907626	chr10	5to3	LowQual												Only cWGS																																		0	1	0	11	133.185	187.845	276.41	462.9325	(AATGG)n	(AATGG)n	Unique	Unique	291	290
chr6	95669198	chr8:111870727	Trans	0	3to5												chr6	95669198	111870727	chr8	3to5	NODISC	Only cWGS																																		0	0	0	0	22.2475	19.62	37.5725	27.7975		AluY	Unique	Unique	0	0
chr20	28821217	chr7:57992607	Trans	0	3to5												chr20	28821217	57992607	chr7	3to5	LOCALMATCH	Only cWGS																																		0	0	0	0	186.0175	15.0975	43.9575	10.265	ALR/Alpha	ALR/Alpha	Unique	Unique	0	0
chr17	35530553	chr8:10543412	Trans	0	3to3												chr17	35530553	10543412	chr8	3to3	NODISC	Only cWGS																																		6	0	3	0	8.5675	8.82	11.3575	4.4825	(AGAA)n	(TTTC)n	Unique	Unique	0	0
chr6	8390523	chrY:11015158	Trans	0	3to5												chr6	8390523	11015158	chrY	3to5	TOOSHORT	Only cWGS																																		0	0	0	0	25.8925	17.545	30.11	54.16	AluSz	(ATTCC)n	Unique	Unique	0	0
chr6	159538415	chrX:48068187	Trans	0	5to3												chr6	159538415	48068187	chrX	5to3	LOCALMATCH	Only cWGS																																		0	0	0	0	10.11	9.69	14.3025	22.655	A-rich	GA-rich	Unique	Unique	0	0
chr20	30978780	chr5:49693627	Trans	0	3to3												chr20	30978780	49693627	chr5	3to3	LOCALMATCH	Only cWGS																																		0	1	1	0	35.235	20.22	12.9025	18.82	ALR/Alpha	ALR/Alpha	Unique	Not-unique	0	0
chrX	148547139	chrX:148547216	Dels	78	3to5																		Only 10XWGS	chrX	148547139	chrX:148547216	Dels	3to5	PASS	LOCAL_ASM	78	32	.	.	.	.																					16	0	3	0	17.7325	10.5775	14.9825	11.0125			Unique	Unique	2	2
chr13	34747821	chr1:227532903	Trans	0	5to3	chr13	34747821	227532903	chr1	5to3	LowQual												Only cWGS																																		0	6	0	8	20.355	16.3525	29.7	18.11	L1PB1	L1PB1	Unique	Unique	0	0
chr1	143200814	chr1:143255234	Invs	54421	3to3												chr1	143200814	143255234	chr1	3to3	LOCALMATCH	Only cWGS																																		1	109	4	79	787.3475	1237.1825	902.55	1170.2925			Not-unique	Not-unique	424	376
chr21	15381133	chr21:15414290	Invs	33158	5to5																		Only 10XWGS	chr21	15381133	chr21:15414290	Invs	5to5	LOWQ	SV	33158	7	0.5	0.073298429	.	.																					0	0	0	0	18.04	13.8375	20.9325	11.25	LTR1B	L1MB4	Unique	Unique	0	0
chr1	125169857	chr1:143225193	Invs	18055337	3to3												chr1	125169857	143225193	chr1	3to3	TOOSHORT	Only cWGS																																		0	0	0	1	79.88	96.9075	122.0875	267.3025			Unique	Unique	23	16
chr20	30977499	chr7:57880988	Trans	0	5to3												chr20	30977499	57880988	chr7	5to3	LOCALMATCH	Only cWGS																																		0	0	0	0	93.295	27.1825	23.69	14.1275	ALR/Alpha	ALR/Alpha	Unique	Unique	0	0
chr18	29924906	chrX:67873962	Trans	0	3to5												chr18	29924906	67873962	chrX	3to5	LOCALMATCH	Only cWGS																																		0	0	0	0	15.7325	8.48	15.1	6.0925	L1MA7	L1PB4	Unique	Unique	0	0
chr17	21979411	chrY:10647524	Trans	0	3to3												chr17	21979411	10647524	chrY	3to3	TOOSHORT	Only cWGS																																		0	0	0	0	104.7725	62.62	51.185	57.455	(ATGGA)n	(CCATT)n	Unique	Not-unique	0	0
chr11	48847146	chr8:43963689	Trans	0	3to5												chr11	48847146	43963689	chr8	3to5	LOCALMATCH	Only cWGS																																		0	0	0	0	37.065	19.9425	19.905	11.915	ALR/Alpha	ALR/Alpha	Unique	Unique	0	0
chr19	39093157	chrY:17300122	Trans	0	3to3												chr19	39093157	17300122	chrY	3to3	LOCALMATCH	Only cWGS																																		4	0	2	0	23.88	19.06	0.72	1.5125	(TTCT)n	(GAAA)n	Unique	Unique	0	0
chr2	171513514	chr8:9496740	Trans	0	5to3												chr2	171513514	9496740	chr8	5to3	LOCALMATCH	Only cWGS																																		0	0	0	0	21.085	20.395	13.3675	13.4075	AluSc8		Unique	Unique	0	0
chr19	16002154	chr19:49954279	Invs	33952126	5to5												chr19	16002154	49954279	chr19	5to5	LOWAS	Only cWGS																																		0	0	0	0	66.77	24.665	25.055	18.1925	HERV3-int	HERV3-int	Unique	Unique	0	0
chr14	95603789	chr19:47792215	Trans	0	5to3												chr14	95603789	47792215	chr19	5to3	NODISC	Only cWGS																																		5	0	3	0	40.365	26.3825	17.6325	13.6	FLAM_C	AluJo	Unique	Unique	0	0
chr17	24289813	chr17:25353082	Dups	1063270	5to3												chr17	24289813	25353082	chr17	5to3	LOCALMATCH	Only cWGS																																		0	1	0	6	3.755	2.0325	127.1	133.2875	ALR/Alpha	ALR/Alpha	Not-unique	Unique	0	0
chr17	25115405	chr17:25788717	Dups	673313	5to3												chr17	25115405	25788717	chr17	5to3	LOWMAPQDISC	Only cWGS																																		0	5	0	28	345.16	228.79	618.8625	373.88	ALR/Alpha	ALR/Alpha	Not-unique	Unique	32	0
chr12	19911479	chr22:11270728	Trans	0	3to3												chr12	19911479	11270728	chr22	3to3	LOCALMATCH	Only cWGS																																		0	0	0	0	19.3175	17.6575	61.2625	21.775	(CTTT)n	GA-rich	Unique	Not-unique	0	0
chr13	17553498	chr16:36070891	Trans	0	5to3												chr13	17553498	36070891	chr16	5to3	LOCALMATCH	Only cWGS																																		0	0	0	0	9.06	16.9225	56.41	17.89	ALR/Alpha	ALR/Alpha	Not-unique	Unique	0	0
chr9	2262646	chr9:2301492	Invs	38847	5to5																		Only 10XWGS	chr9	2262646	chr9:2301492	Invs	5to5	LOWQ	SV	38847	8	0.444444444	0.078947368	.	.																					0	0	1	0	16.135	16.1625	13.4025	14.46		MIRc	Unique	Unique	0	0
chr11	69885856	chr2:32916502	Trans	0	5to3												chr11	69885856	32916502	chr2	5to3	LOWMAPQDISC	Only cWGS																																		0	2	0	2	28.27	22.06	6754.23	7337.595		(G)n	Unique	Unique	3	6
chr13	28346620	chr3:20069649	Trans	0	3to3												chr13	28346620	20069649	chr3	3to3	LOCALMATCH	Only cWGS																																		0	0	0	0	25.6925	15.045	25.3725	24.235	AluJo	AluSg4	Unique	Unique	0	0
chr9	40598941	chr9:65812326	Invs	25213386	5to5												chr9	40598941	65812326	chr9	5to5	NODISC	Only cWGS																																		1	2	1	0	55.5175	109.9925	36.8	50.345	A-rich	(CATCT)n	Not-unique	Not-unique	16	13
chrX	110448092	chrX:110531250	Invs	83159	3to3																		Only 10XWGS	chrX	110448092	chrX:110531250	Invs	3to3	LOWQ	SV	83159	4	0.181818182	0.023195876	.	.																					0	0	0	0	17.7425	20.61	21.895	18.035			Unique	Unique	0	0
chr3	90623134	chr5:50226067	Trans	0	5to3												chr3	90623134	50226067	chr5	5to3	LOCALMATCH	Only cWGS																																		0	0	0	0	60.7125	14.065	23.46	17.1125	ALR/Alpha	ALR/Alpha	Unique	Unique	0	0
chr4	11468599	chrY:23446779	Trans	0	5to3												chr4	11468599	23446779	chrY	5to3	LOCALMATCH	Only cWGS																																		0	0	0	0	17.0975	6.9325	0	0.17	(TA)n		Unique	Unique	0	0
chr3	90587226	chr7:62569137	Trans	0	3to5												chr3	90587226	62569137	chr7	3to5	LOCALMATCH	Only cWGS																																		0	0	0	0	35.125	12.79	33.0075	18.225	ALR/Alpha	ALR/Alpha	Unique	Unique	0	0
chr1	98593048	chrX:104069779	Trans	0	3to3												chr1	98593048	104069779	chrX	3to3	TOOSHORT	Only cWGS																																		0	0	0	0	17.295	13.945	16.1275	6.765			Unique	Not-unique	0	0
chr9	60522137	chr9:60522651	Dups	515	5to3												chr9	60522137;60522211	60522651;60522273	chr9	5to3	LOCALMATCH	Only cWGS																																		0	0	0	0	121.645	30.5525	31.52	15.31	CER	CER	Unique	Unique	9	9
chr1	143225243	chr10:42094805	Trans	0	3to5												chr1	143225243	42094805	chr10	3to5	LOWMAPQDISC	Only cWGS																																		0	0	0	0	120.8275	269.49	80.37	156.4125			Unique	Unique	33	41
chr4	49120208	chrY:10900932	Trans	0	5to3												chr4	49120208	10900932	chrY	5to3	LOCALMATCH	Only cWGS																																		0	0	0	0	1085.715	1781.555	26.99	43.3025	(TCCAT)n		Unique	Unique	3	5
chr3	90291890	chrX:58497679	Trans	0	5to5												chr3	90291890	58497679	chrX	5to5	LOCALMATCH	Only cWGS																																		0	3	0	2	26.0475	14.835	4.9	0.605	ALR/Alpha	ALR/Alpha	Unique	Unique	0	0
chr18	7595938	chr18:7628730	Invs	32793	5to5																		Only 10XWGS	chr18	7595938	chr18:7628730	Invs	5to5	LOWQ	SV	32793	10	0.454545455	0.081081081	.	.																					0	0	0	0	23.0275	21.48	19.86	14.0375		L2a	Unique	Unique	0	0
chr4	69220574	chr4:69271874	Invs	51301	5to5	chr4	69220574	69271874	chr4	5to5	LowQual												Only cWGS																																		0	2	0	1	21.025	11.53	25.91	14.7525	HERV30-int	HERV30-int	Unique	Unique	2	2
chr1	2660246	chr1:2688200	Dups	27955	5to3												chr1	2660246	2688200	chr1	5to3	LOCALMATCH	Only cWGS																																		0	0	0	0	35.265	25.0625	122.86	91.61			Unique	Unique	9	4
chr5	123622723	chr6:63674287	Trans	0	3to5												chr5	123622723	63674287	chr6	3to5	NODISC	Only cWGS																																		0	0	0	0	18.23	21.88	22.7875	15.9775	(AT)n	(AT)n	Unique	Unique	0	0
chr14	16104566	chr17:21977776	Trans	0	5to5												chr14	16104566	21977776	chr17	5to5	DUPREADS	Only cWGS																																		0	0	1	0	56.7325	186.15	75.94	102.2825	(ATTCC)n	(ATGGA)n	Not-unique	Unique	0	0
chr7	17820909	chr7:17890486	Invs	69578	5to5																		Only 10XWGS	chr7	17820909	chr7:17890486	Invs	5to5	LOWQ	SV	69578	3	0.136363636	0.018421053	1	0																					0	0	0	0	32.075	17.8975	32.325	18.21			Unique	Unique	0	0
chr21	5324467	chr21:7221037	Dups	1896571	5to3												chr21	5324467	7221037	chr21	5to3	LOCALMATCH	Only cWGS																																		0	0	0	0	94.0925	19.5925	42.82	17.2425	ALR/Alpha	ALR/Alpha	Unique	Not-unique	0	0
chrY	10881629	chrY:10946009	Dups	64381	5to3												chrY	10881629	10946009	chrY	5to3	TOOSHORT	Only cWGS																																		0	0	0	0	5.15	2.575	2.27	4.8475	(TCCAT)n	(TCCAC)n	Unique	Unique	3	3
chr22	12955697	chr22:12966927	Dups	11231	5to3												chr22	12955697	12966927	chr22	5to3	LOWMAPQDISC	Only cWGS																																		0	8	0	2	3.0775	0	11.3675	0	ALR/Alpha	ALR/Alpha	Not-unique	Not-unique	0	0
chr19	21005407	chr3:18954421	Trans	0	3to3												chr19	21005407	18954421	chr3	3to3	LOWMAPQ	Only cWGS																																		0	0	0	0	26.755	20.17	31.3775	21.52	Harlequin-int	L1ME2	Unique	Unique	0	0
chr12	131046152	chr12:131046512	Dups	361	5to3												chr12	131046152;131046186	131046512;131046442	chr12	5to3	LOWMAPQDISC	Only cWGS																																		0	0	0	0	32.7525	18.5425	26.03	16.42			Unique	Unique	0	0
chr1	188751257	chr9:129442973	Trans	0	5to5												chr1	188751257	129442973	chr9	5to5	LOWMAPQ	Only cWGS																																		0	0	0	0	28.855	30.3875	37.015	19.9	LTR5_Hs	MLT1C-int	Unique	Unique	1	0
chr17	13680189	chr17:13680322	Dups	134	5to3							chr17	13680189	13680322	chr17	5to3							Only cWGS																																		0	7	0	1	35.38	17.12	38.4	18.8825		AluY	Unique	Unique	2	2
chrX	971006	chrX:972005	Dups	1000	5to3												chrX	971006	972005	chrX	5to3	LOCALMATCH	Only cWGS																																		0	0	0	0	17.835	14.1675	26.225	12.2475			Not-unique	Not-unique	4	4
chr10	81535408	chr9:122391344	Trans	0	5to3												chr10	81535408	122391344	chr9	5to3	LOCALMATCH	Only cWGS																																		1	0	2	0	21.7675	13.67	16.7675	7.945	(TG)n	(AT)n	Unique	Unique	0	0
chr11	26497020	chr4:167904930	Trans	0	3to3												chr11	26497020	167904930	chr4	3to3	LOCALMATCH	Only cWGS																																		2	0	0	0	15.7775	19.5525	14.9125	19.66	(AC)n	(TG)n	Unique	Unique	0	0
chr22	11703976	chr22:12170184	Invs	466209	3to3												chr22	11703976	12170184	chr22	3to3	NODISC	Only cWGS																																		0	0	0	1	81.8675	37.55	19.7975	15.8975	GSATII	GSATII	Not-unique	Unique	0	0
chr5	46518699	chr5:46565307	Dups	46609	5to3												chr5	46518699	46565307	chr5	5to3	DUPREADS	Only cWGS																																		0	0	0	2	80.97	17.435	82.06	29.8	ALR/Alpha	ALR/Alpha	Unique	Unique	7	0
chr13	43351337	chr2:32916421	Trans	0	3to3												chr13	43351337	32916421	chr2	3to3	LOWMAPQDISC	Only cWGS																																		0	2	0	0	27.045	16.09	6780.925	7377.28		(G)n	Unique	Unique	0	0
chr8	66232593	chr11:4138046	Trans	0	3to3	chr8	66232593	4138046	chr11	3to3	LowQual												Only cWGS																																		2	9	1	12	33.2425	19.84	9.79	5.4275	SVA_D	SVA_D	Unique	Unique	2	3
chrY	11010413	chrY:56830050	Dups	45819638	5to3												chrY	11010413	56830050	chrY	5to3	LOCALMATCH	Only cWGS																																		0	0	0	0	23.265	19.17	239.2025	311.4675	AluJo	(TTCCA)n	Unique	Unique	3	5
chr17	24510535	chr17:25625067	Dels	1114533	3to5												chr17	24510535	25625067	chr17	3to5	LOCALMATCH	Only cWGS																																		0	0	0	0	2.545	3.7125	14.365	5.865	ALR/Alpha	ALR/Alpha	Not-unique	Unique	0	0
chr14	67890596	chr2:74970312	Trans	0	5to3												chr14	67890596	74970312	chr2	5to3	LOWMAPQDISC	Only cWGS																																		0	1	0	0	26.5775	23.865	53.01	16.575	L1PA3	L1PA3	Unique	Unique	0	0
chr8	112158776	chr8:112206015	Invs	47240	5to5																		Only 10XWGS	chr8	112158776	chr8:112206015	Invs	5to5	LOWQ	SV	47240	7	0.233333333	0.046948357	1	0																					0	0	0	0	32.14	21.1475	31.7625	24.9425		L1MA7	Unique	Unique	0	0
chr1	2682905	chr1:2755267	Dels	72363	3to5												chr1	2682905	2755267	chr1	3to5	LOCALMATCH	Only cWGS																																		0	0	0	0	78.595	47.835	29.3525	24.0925			Not-unique	Unique	14	11
chr7	61042670	chr7:62307884	Dels	1265215	3to5												chr7	61042670	62307884	chr7	3to5	LOCALMATCH	Only cWGS																																		0	0	0	0	22.3875	8.835	43.73	51.2125		(CGAATGGAAT)n	Unique	Unique	0	0
chr1	143198798	chr1:143233250	Dels	34453	3to5												chr1	143198798	143233250	chr1	3to5	LOWMAPQ	Only cWGS																																		1	0	0	0	127.0675	152.1775	6597.675	6729.5425			Unique	Not-unique	412	355
chr17	23688072	chr17:26620176	Dels	2932105	3to5												chr17	23688072	26620176	chr17	3to5	LOCALMATCH	Only cWGS																																		0	1	0	2	7.15	3.74	2943.4825	1732.5475	ALR/Alpha	ALR/Alpha	Unique	Unique	2	0
chr5	49362920	chr5:49363264	Dups	345	5to3												chr5	49362920	49363264	chr5	5to3	LOWMAPQDISC	Only cWGS																																		0	1	0	2	80.49	0	81.1225	0	ALR/Alpha	ALR/Alpha	Not-unique	Not-unique	0	0
